DATE,PRICE
2025-09-23T20:37:00.000Z,111535.5673
2025-09-22T19:47:00.000Z,112037.6447
2025-09-21T22:23:00.000Z,115252.5801
2025-09-20T03:56:00.000Z,115473.5243
2025-09-19T20:01:00.000Z,115141.8173
2025-09-18T00:27:00.000Z,116188.7952
2025-09-17T18:47:00.000Z,114794.9732
2025-09-16T13:52:00.000Z,114813.0926
2025-09-15T13:46:00.000Z,114461.0632
2025-09-14T23:50:00.000Z,115222.3963
2025-09-13T17:10:00.000Z,115248.2759
2025-09-12T12:11:00.000Z,114794.4844
2025-09-11T13:19:00.000Z,113453.8393
2025-09-10T01:52:00.000Z,110940.0769
2025-09-09T15:46:00.000Z,110776.7003
2025-09-08T02:22:00.000Z,110630.6056
2025-09-07T00:03:00.000Z,110211.6215
2025-09-06T19:55:00.000Z,110024.0841
2025-09-05T17:44:00.000Z,110233.3952
2025-09-04T15:22:00.000Z,109347.2252
2025-09-03T07:21:00.000Z,110582.9581
2025-09-02T12:48:00.000Z,108454.0286
2025-09-01T05:20:00.000Z,107271.1834
2025-08-31T23:41:00.000Z,108104.6558
2025-08-30T02:00:00.000Z,107444.4432
2025-08-29T21:04:00.000Z,107559.6243
2025-08-28T00:36:00.000Z,110900.9244
2025-08-27T08:50:00.000Z,110398.2625
2025-08-26T01:02:00.000Z,108762.0356
2025-08-25T21:33:00.000Z,109324.2802
2025-08-24T19:38:00.000Z,111060.5449
2025-08-23T15:12:00.000Z,114536.1083
2025-08-22T12:36:00.000Z,111678.9486
2025-08-21T19:39:00.000Z,111986.2347
2025-08-20T14:18:00.000Z,112387.962
2025-08-19T23:55:00.000Z,112730.3987
2025-08-18T09:35:00.000Z,114723.6824
2025-08-17T01:08:00.000Z,117279.521
2025-08-16T10:23:00.000Z,117271.9524
2025-08-15T16:17:00.000Z,116864.5735
2025-08-14T18:23:00.000Z,117254.8826
2025-08-13T06:05:00.000Z,118939.6313
2025-08-12T10:15:00.000Z,118228.7222
2025-08-11T21:54:00.000Z,118159.0285
2025-08-10T00:02:00.000Z,116485.166
2025-08-09T03:09:00.000Z,116363.8352
2025-08-08T15:47:00.000Z,115917.4581
2025-08-07T04:57:00.000Z,114279.712
2025-08-06T04:39:00.000Z,113372.249
2025-08-05T14:47:00.000Z,112701.1104
2025-08-04T00:15:00.000Z,114130.4032
2025-08-03T00:39:00.000Z,111943.8044
2025-08-02T19:15:00.000Z,112005.7691
2025-08-01T22:52:00.000Z,112724.443
2025-07-31T23:42:00.000Z,115505.2223
2025-07-30T19:07:00.000Z,115800.8268
2025-07-29T16:39:00.000Z,116987.3709
2025-07-28T18:36:00.000Z,117441.4375
2025-07-27T00:13:00.000Z,117859.687
2025-07-26T02:00:00.000Z,117181.2278
2025-07-25T07:57:00.000Z,114759.8232
2025-07-24T07:06:00.000Z,117247.9722
2025-07-23T13:52:00.000Z,117391.3908
2025-07-22T01:19:00.000Z,116233.2262
2025-07-21T00:24:00.000Z,116584.4004
2025-07-20T22:19:00.000Z,116550.1361
2025-07-19T21:27:00.000Z,117388.4107
2025-07-18T20:39:00.000Z,116925.9812
2025-07-17T12:31:00.000Z,117508.216
2025-07-16T02:38:00.000Z,117064.8216
2025-07-15T14:58:00.000Z,115765.6867
2025-07-14T01:32:00.000Z,118959.1968
2025-07-13T00:19:00.000Z,117265.4379
2025-07-12T15:55:00.000Z,116977.0237
2025-07-11T00:28:00.000Z,115245.6863
2025-07-10T13:45:00.000Z,110660.7495
2025-07-09T04:27:00.000Z,108357.682
2025-07-08T02:19:00.000Z,107499.5565
2025-07-07T18:34:00.000Z,107527.0572
2025-07-06T10:03:00.000Z,107847.0172
2025-07-05T02:34:00.000Z,107842.2751
2025-07-04T19:32:00.000Z,107296.38
2025-07-03T02:44:00.000Z,108605.7956
2025-07-02T01:18:00.000Z,105157.3956
2025-07-01T20:02:00.000Z,105270.2266
2025-06-30T15:19:00.000Z,106759.6503
2025-06-29T02:06:00.000Z,107230.1105
2025-06-28T01:39:00.000Z,106883.9733
2025-06-27T14:36:00.000Z,106449.9941
2025-06-26T15:34:00.000Z,106666.3498
2025-06-25T00:39:00.000Z,105881.3894
2025-06-24T08:19:00.000Z,104740.2421
2025-06-23T16:38:00.000Z,99705.747
2025-06-22T20:19:00.000Z,98286.20593
2025-06-21T23:47:00.000Z,100973.0642
2025-06-20T17:38:00.000Z,102372.211
2025-06-19T17:06:00.000Z,103940.7752
2025-06-18T19:01:00.000Z,103602.2618
2025-06-17T17:08:00.000Z,103396.528
2025-06-16T01:33:00.000Z,104997.6212
2025-06-15T21:14:00.000Z,104519.8802
2025-06-14T20:11:00.000Z,104379.3652
2025-06-13T01:12:00.000Z,102822.0258
2025-06-12T22:56:00.000Z,105785.6887
2025-06-11T22:27:00.000Z,108086.3279
2025-06-10T15:34:00.000Z,108367.7134
2025-06-09T05:39:00.000Z,105400.2309
2025-06-08T10:16:00.000Z,105075.3305
2025-06-07T00:19:00.000Z,103987.3118
2025-06-06T00:23:00.000Z,101169.5724
2025-06-05T20:57:00.000Z,100436.8859
2025-06-04T14:07:00.000Z,104232.6999
2025-06-03T08:44:00.000Z,104920.8441
2025-06-02T14:01:00.000Z,103727.5471
2025-06-01T09:56:00.000Z,103826.9556
2025-05-31T03:09:00.000Z,103136.1135
2025-05-30T23:36:00.000Z,103685.7883
2025-05-29T23:50:00.000Z,105374.3999
2025-05-28T20:03:00.000Z,106812.9299
2025-05-27T01:25:00.000Z,107609.5567
2025-05-26T00:29:00.000Z,108735.6419
2025-05-25T16:30:00.000Z,106683.3725
2025-05-24T00:06:00.000Z,106895.2911
2025-05-23T23:50:00.000Z,106841.3012
2025-05-22T00:44:00.000Z,109285.0724
2025-05-21T09:51:00.000Z,106127.2346
2025-05-20T13:49:00.000Z,104206.5158
2025-05-19T06:40:00.000Z,102112.6855
2025-05-18T00:02:00.000Z,103142.6046
2025-05-17T01:48:00.000Z,102659.1771
2025-05-16T08:26:00.000Z,103137.4787
2025-05-15T14:47:00.000Z,101440.8125
2025-05-14T17:26:00.000Z,102618.2974
2025-05-13T03:31:00.000Z,101515.0929
2025-05-12T18:51:00.000Z,100814.4026
2025-05-11T08:00:00.000Z,103364.7398
2025-05-10T00:57:00.000Z,102830.4816
2025-05-09T03:58:00.000Z,102343.0903
2025-05-08T00:43:00.000Z,96913.8724
2025-05-07T19:36:00.000Z,95829.33207
2025-05-06T13:55:00.000Z,93399.85891
2025-05-05T02:10:00.000Z,93566.26384
2025-05-04T23:46:00.000Z,94173.43224
2025-05-03T23:39:00.000Z,95821.29092
2025-05-02T08:01:00.000Z,96375.94611
2025-05-01T00:01:00.000Z,94153.63388
2025-04-30T14:01:00.000Z,92979.63963
2025-04-29T23:15:00.000Z,93796.63422
2025-04-28T01:56:00.000Z,92860.80822
2025-04-27T13:08:00.000Z,93665.39736
2025-04-26T13:47:00.000Z,93927.25063
2025-04-25T03:03:00.000Z,92898.59309
2025-04-24T08:50:00.000Z,91696.71411
2025-04-23T15:30:00.000Z,91962.95818
2025-04-22T00:38:00.000Z,87084.52941
2025-04-21T00:05:00.000Z,85143.83771
2025-04-20T11:32:00.000Z,83976.84585
2025-04-19T00:09:00.000Z,84353.45782
2025-04-18T16:03:00.000Z,84298.8832
2025-04-17T14:38:00.000Z,83749.75302
2025-04-16T01:01:00.000Z,83100.61793
2025-04-15T23:44:00.000Z,83598.81842
2025-04-14T00:00:00.000Z,83690.63695
2025-04-13T21:09:00.000Z,83027.00426
2025-04-12T03:01:00.000Z,82769.37789
2025-04-11T01:00:00.000Z,78936.32057
2025-04-10T16:03:00.000Z,78456.13375
2025-04-09T01:30:00.000Z,74589.67271
2025-04-08T22:40:00.000Z,76198.02228
2025-04-07T07:05:00.000Z,74436.6791
2025-04-06T23:22:00.000Z,77097.7409
2025-04-05T15:46:00.000Z,82377.73586
2025-04-04T11:31:00.000Z,81670.74877
2025-04-03T15:09:00.000Z,81282.09786
2025-04-02T23:04:00.000Z,82343.53911
2025-04-01T00:17:00.000Z,82429.36199
2025-03-31T00:46:00.000Z,81293.88856
2025-03-30T22:10:00.000Z,81573.24707
2025-03-29T17:18:00.000Z,81634.14131
2025-03-28T17:14:00.000Z,83557.64246
2025-03-27T13:41:00.000Z,85837.9337
2025-03-26T19:17:00.000Z,85861.45539
2025-03-25T04:04:00.000Z,86346.0789
2025-03-24T02:01:00.000Z,85541.1981
2025-03-23T00:02:00.000Z,83794.91066
2025-03-22T23:38:00.000Z,83674.78082
2025-03-21T13:37:00.000Z,83171.06972
2025-03-20T16:53:00.000Z,83647.19397
2025-03-19T02:07:00.000Z,82569.72689
2025-03-18T13:59:00.000Z,81179.99016
2025-03-17T14:12:00.000Z,82492.15254
2025-03-16T23:10:00.000Z,82017.90471
2025-03-15T08:19:00.000Z,83639.59486
2025-03-14T00:11:00.000Z,80797.56259
2025-03-13T17:50:00.000Z,79931.85324
2025-03-12T15:09:00.000Z,80635.24923
2025-03-11T00:52:00.000Z,76624.25249
2025-03-10T19:05:00.000Z,77420.59219
2025-03-09T23:08:00.000Z,80052.48698
2025-03-08T01:35:00.000Z,85247.48419
2025-03-07T00:56:00.000Z,84717.67967
2025-03-06T19:32:00.000Z,87852.13848
2025-03-05T00:44:00.000Z,86379.77304
2025-03-04T15:22:00.000Z,81529.23983
2025-03-03T22:00:00.000Z,85081.30493
2025-03-02T14:50:00.000Z,85040.21116
2025-03-01T00:58:00.000Z,83794.23249
2025-02-28T08:47:00.000Z,78248.9161
2025-02-27T21:08:00.000Z,83144.95905
2025-02-26T20:21:00.000Z,82131.90136
2025-02-25T15:37:00.000Z,86008.23491
2025-02-24T23:59:00.000Z,91371.74071
2025-02-23T17:33:00.000Z,95270.45281
2025-02-22T00:33:00.000Z,95765.34039
2025-02-21T21:00:00.000Z,94852.95862
2025-02-20T00:39:00.000Z,96442.67072
2025-02-19T01:27:00.000Z,95011.96908
2025-02-18T19:14:00.000Z,93388.8322
2025-02-17T19:21:00.000Z,95243.54319
2025-02-16T23:43:00.000Z,96060.97975
2025-02-15T00:33:00.000Z,97240.19712
2025-02-14T15:19:00.000Z,96342.80603
2025-02-13T16:58:00.000Z,95269.7079
2025-02-12T13:42:00.000Z,94101.20333
2025-02-11T19:42:00.000Z,94875.03885
2025-02-10T01:46:00.000Z,95320.84203
2025-02-09T21:54:00.000Z,94745.26123
2025-02-08T15:31:00.000Z,95702.49237
2025-02-07T22:34:00.000Z,95653.88665
2025-02-06T19:50:00.000Z,95707.34992
2025-02-05T23:34:00.000Z,96174.82556
2025-02-04T22:14:00.000Z,96208.10655
2025-02-03T02:09:00.000Z,91242.8926
2025-02-02T22:42:00.000Z,96216.07781
2025-02-01T23:25:00.000Z,100297.7092
2025-01-31T21:32:00.000Z,101543.8829
2025-01-30T00:32:00.000Z,103321.6451
2025-01-29T00:01:00.000Z,101283.8227
2025-01-28T22:01:00.000Z,100238.1881
2025-01-27T07:31:00.000Z,97795.9361
2025-01-26T23:56:00.000Z,102507.7117
2025-01-25T10:10:00.000Z,104120.3768
2025-01-24T03:26:00.000Z,102772.1242
2025-01-23T10:45:00.000Z,101257.8032
2025-01-22T16:46:00.000Z,103360.2693
2025-01-21T01:31:00.000Z,100103.9558
2025-01-20T00:42:00.000Z,99471.35894
2025-01-19T23:41:00.000Z,99570.53118
2025-01-18T08:11:00.000Z,102226.6203
2025-01-17T00:04:00.000Z,99948.90506
2025-01-16T15:03:00.000Z,97364.44308
2025-01-15T00:05:00.000Z,96501.64439
2025-01-14T00:46:00.000Z,94322.1545
2025-01-13T14:37:00.000Z,89260.10019
2025-01-12T09:50:00.000Z,93712.51167
2025-01-11T04:38:00.000Z,93840.04352
2025-01-10T15:15:00.000Z,92250.09274
2025-01-09T20:23:00.000Z,91220.84226
2025-01-08T17:32:00.000Z,92525.84456
2025-01-07T20:25:00.000Z,96132.8747
2025-01-06T01:22:00.000Z,97926.14852
2025-01-05T14:21:00.000Z,97291.76461
2025-01-04T15:51:00.000Z,97562.97597
2025-01-03T08:37:00.000Z,96034.61406
2025-01-02T00:19:00.000Z,94201.57042
2025-01-01T09:28:00.000Z,92788.12788
2024-12-31T01:32:00.000Z,91914.02778
2024-12-30T15:11:00.000Z,91317.13546
2024-12-29T23:12:00.000Z,92881.79187
2024-12-28T01:27:00.000Z,94014.2865
2024-12-27T17:25:00.000Z,93310.7438
2024-12-26T10:15:00.000Z,95137.8853
2024-12-25T12:03:00.000Z,97593.47017
2024-12-24T02:22:00.000Z,93448.01394
2024-12-23T20:17:00.000Z,92403.13138
2024-12-22T22:11:00.000Z,94202.18625
2024-12-21T13:34:00.000Z,96426.52074
2024-12-20T12:18:00.000Z,92175.18045
2024-12-19T20:14:00.000Z,95587.6815
2024-12-18T23:59:00.000Z,100041.5427
2024-12-17T22:47:00.000Z,105291.7379
2024-12-16T12:51:00.000Z,103322.9828
2024-12-15T00:42:00.000Z,101227.0278
2024-12-14T20:54:00.000Z,100634.0575
2024-12-13T01:54:00.000Z,99233.27805
2024-12-12T19:48:00.000Z,99339.94993
2024-12-11T02:00:00.000Z,95747.22887
2024-12-10T18:13:00.000Z,94321.25879
2024-12-09T21:06:00.000Z,94355.91104
2024-12-08T09:56:00.000Z,98771.51417
2024-12-07T05:46:00.000Z,99030.88649
2024-12-06T00:07:00.000Z,96514.87608
2024-12-05T22:29:00.000Z,91998.7817
2024-12-04T16:53:00.000Z,94660.52325
2024-12-03T14:36:00.000Z,93629.55989
2024-12-02T18:00:00.000Z,94482.86334
2024-12-01T02:59:00.000Z,95770.18447
2024-11-30T11:01:00.000Z,96144.21983
2024-11-29T00:54:00.000Z,95407.88637
2024-11-28T10:10:00.000Z,94677.3543
2024-11-27T00:47:00.000Z,91778.66121
2024-11-26T20:40:00.000Z,90770.81504
2024-11-25T22:40:00.000Z,92642.91486
2024-11-24T17:48:00.000Z,95788.077
2024-11-23T20:30:00.000Z,97232.89312
2024-11-22T14:58:00.000Z,97222.66704
2024-11-21T02:39:00.000Z,94132.60097
2024-11-20T03:06:00.000Z,91619.4964
2024-11-19T00:03:00.000Z,90426.98538
2024-11-18T14:00:00.000Z,89393.59057
2024-11-17T22:06:00.000Z,88741.66583
2024-11-16T15:51:00.000Z,90094.22537
2024-11-15T04:52:00.000Z,87124.90086
2024-11-14T23:42:00.000Z,86682.81582
2024-11-13T06:36:00.000Z,86256.93197
2024-11-12T13:51:00.000Z,85155.11151
2024-11-11T00:13:00.000Z,80283.24762
2024-11-10T00:05:00.000Z,76565.42993
2024-11-09T17:18:00.000Z,75773.78852
2024-11-08T03:05:00.000Z,75648.7412
2024-11-07T06:15:00.000Z,74480.41931
2024-11-06T00:04:00.000Z,69322.0319
2024-11-05T01:36:00.000Z,67458.86968
2024-11-04T21:55:00.000Z,66803.65
2024-11-03T15:40:00.000Z,67482.52544
2024-11-02T14:53:00.000Z,69033.72226
2024-11-01T02:12:00.000Z,68779.70034
2024-10-31T20:57:00.000Z,69590.50287
2024-10-30T13:46:00.000Z,71411.73503
2024-10-29T00:11:00.000Z,69729.91783
2024-10-28T05:34:00.000Z,67535.13101
2024-10-27T01:25:00.000Z,66847.2231
2024-10-26T02:13:00.000Z,66360.5955
2024-10-25T23:25:00.000Z,65521.79345
2024-10-24T00:24:00.000Z,66454.09956
2024-10-23T18:21:00.000Z,65188.03529
2024-10-22T00:34:00.000Z,66581.36798
2024-10-21T15:13:00.000Z,66829.85347
2024-10-20T03:09:00.000Z,68105.72051
2024-10-19T17:03:00.000Z,68024.63823
2024-10-18T00:57:00.000Z,67177.8182
2024-10-17T13:37:00.000Z,66647.39121
2024-10-16T01:12:00.000Z,66758.72551
2024-10-15T15:09:00.000Z,64809.19695
2024-10-14T00:53:00.000Z,62442.154
2024-10-13T15:31:00.000Z,62035.63669
2024-10-12T00:00:00.000Z,62443.27135
2024-10-11T01:37:00.000Z,60046.12583
2024-10-10T18:27:00.000Z,58895.20781
2024-10-09T20:56:00.000Z,60314.61439
2024-10-08T19:16:00.000Z,61843.56366
2024-10-07T23:01:00.000Z,62152.55171
2024-10-06T04:43:00.000Z,61833.15004
2024-10-05T03:04:00.000Z,61689.58116
2024-10-04T00:55:00.000Z,60459.93982
2024-10-03T13:19:00.000Z,59878.80343
2024-10-02T19:47:00.000Z,59996.94734
2024-10-01T20:42:00.000Z,60189.2787
2024-09-30T23:44:00.000Z,62873.61587
2024-09-29T08:26:00.000Z,65450.01437
2024-09-28T13:16:00.000Z,65458.0345
2024-09-27T03:07:00.000Z,64852.99109
2024-09-26T01:39:00.000Z,62669.26845
2024-09-25T23:44:00.000Z,62945.37655
2024-09-24T02:15:00.000Z,62737.4179
2024-09-23T00:17:00.000Z,62628.07866
2024-09-22T22:06:00.000Z,62440.72627
2024-09-21T05:08:00.000Z,62783.10538
2024-09-20T18:12:00.000Z,62364.60653
2024-09-19T01:36:00.000Z,61609.86702
2024-09-18T16:06:00.000Z,59218.25244
2024-09-17T01:01:00.000Z,57628.07177
2024-09-16T17:13:00.000Z,57501.33917
2024-09-15T23:12:00.000Z,58696.30942
2024-09-14T18:10:00.000Z,59517.88193
2024-09-13T12:25:00.000Z,57650.11167
2024-09-12T00:00:00.000Z,57330.10075
2024-09-11T14:48:00.000Z,55567.34129
2024-09-10T04:38:00.000Z,56419.41285
2024-09-09T05:55:00.000Z,54598.43373
2024-09-08T16:03:00.000Z,53653.75922
2024-09-07T01:54:00.000Z,53740.06854
2024-09-06T21:01:00.000Z,52598.69966
2024-09-05T21:36:00.000Z,55712.45409
2024-09-04T01:06:00.000Z,55673.16283
2024-09-03T23:59:00.000Z,57425.16731
2024-09-02T00:53:00.000Z,57136.02642
2024-09-01T23:19:00.000Z,57217.82386
2024-08-31T17:52:00.000Z,58768.78396
2024-08-30T16:28:00.000Z,57768.53006
2024-08-29T22:10:00.000Z,58786.22699
2024-08-28T16:24:00.000Z,57890.67691
2024-08-27T22:16:00.000Z,58116.75133
2024-08-26T23:56:00.000Z,62849.55982
2024-08-25T10:10:00.000Z,63833.5189
2024-08-24T22:00:00.000Z,63619.91721
2024-08-23T00:02:00.000Z,60372.04996
2024-08-22T02:53:00.000Z,59815.25498
2024-08-21T01:23:00.000Z,58823.44361
2024-08-20T16:11:00.000Z,58610.88337
2024-08-19T10:06:00.000Z,57864.70951
2024-08-18T23:56:00.000Z,58445.40172
2024-08-17T00:20:00.000Z,58814.83133
2024-08-16T01:23:00.000Z,57110.01932
2024-08-15T20:57:00.000Z,56161.59287
2024-08-14T22:05:00.000Z,58472.87413
2024-08-13T10:25:00.000Z,58506.25337
2024-08-12T07:22:00.000Z,57688.89773
2024-08-11T20:39:00.000Z,58348.82334
2024-08-10T04:16:00.000Z,60287.56653
2024-08-09T14:37:00.000Z,59587.85979
2024-08-08T00:40:00.000Z,54766.72842
2024-08-07T22:24:00.000Z,54620.50952
2024-08-06T00:00:00.000Z,53973.27228
2024-08-05T06:25:00.000Z,49121.23738
2024-08-04T17:45:00.000Z,57210.80333
2024-08-03T21:08:00.000Z,59836.52737
2024-08-02T22:59:00.000Z,61184.8932
2024-08-01T17:47:00.000Z,62248.93999
2024-07-31T20:56:00.000Z,64532.0463
2024-07-30T20:12:00.000Z,65323.19198
2024-07-29T17:03:00.000Z,66532.59311
2024-07-28T05:10:00.000Z,67085.82819
2024-07-27T20:26:00.000Z,66705.21958
2024-07-26T00:03:00.000Z,65743.76943
2024-07-25T14:14:00.000Z,63473.47328
2024-07-24T23:06:00.000Z,65146.99498
2024-07-23T20:00:00.000Z,65484.46208
2024-07-22T15:11:00.000Z,66611.29987
2024-07-21T18:13:00.000Z,65842.2988
2024-07-20T01:55:00.000Z,66299.61837
2024-07-19T01:20:00.000Z,63329.34203
2024-07-18T19:26:00.000Z,63246.16444
2024-07-17T16:43:00.000Z,63896.08719
2024-07-16T08:34:00.000Z,62487.96711
2024-07-15T00:15:00.000Z,60704.9292
2024-07-14T00:00:00.000Z,59225.2504
2024-07-13T00:34:00.000Z,57796.44245
2024-07-12T01:27:00.000Z,56590.17449
2024-07-11T03:22:00.000Z,57120.37751
2024-07-10T20:34:00.000Z,57178.41252
2024-07-09T00:32:00.000Z,56316.87515
2024-07-08T01:23:00.000Z,54321.01906
2024-07-07T23:51:00.000Z,55793.32594
2024-07-06T05:03:00.000Z,56038.96164
2024-07-05T04:20:00.000Z,53717.37543
2024-07-04T13:45:00.000Z,56777.80495
2024-07-03T21:03:00.000Z,59419.38839
2024-07-02T16:10:00.000Z,61752.74664
2024-07-01T13:51:00.000Z,62495.5101
2024-06-30T05:23:00.000Z,60632.95044
2024-06-29T00:04:00.000Z,60300.9651
2024-06-28T20:00:00.000Z,59985.40426
2024-06-27T06:48:00.000Z,60585.33081
2024-06-26T19:14:00.000Z,60695.18683
2024-06-25T00:01:00.000Z,60239.74835
2024-06-24T20:31:00.000Z,58601.70007
2024-06-23T23:59:00.000Z,63180.79821
2024-06-22T00:54:00.000Z,63960.03191
2024-06-21T23:42:59.000Z,62785.52932
2024-06-20T16:25:00.000Z,64547.84932
2024-06-19T20:20:00.000Z,64693.3023
2024-06-18T19:56:00.000Z,64066.95567
2024-06-17T14:02:00.000Z,65094.96413
2024-06-16T04:28:00.000Z,66018.24917
2024-06-15T20:21:00.000Z,65871.77605
2024-06-14T17:06:00.000Z,65056.89301
2024-06-13T16:03:00.000Z,66304.5656
2024-06-12T01:43:00.000Z,66902.45507
2024-06-11T15:45:00.000Z,66123.59916
2024-06-10T09:32:00.000Z,69232.42545
2024-06-09T02:40:00.000Z,69160.84174
2024-06-08T13:30:00.000Z,69210.74156
2024-06-07T18:15:00.000Z,68507.26094
2024-06-06T20:03:00.000Z,70119.12303
2024-06-05T14:17:00.000Z,70390.71269
2024-06-04T09:54:00.000Z,68564.64322
2024-06-03T01:00:59.000Z,66252.02692
2024-06-02T19:19:00.000Z,67315.52631
2024-06-01T01:41:00.000Z,67386.19761
2024-05-31T16:20:00.000Z,66633.41834
2024-05-30T08:25:00.000Z,67118.07742
2024-05-29T20:10:00.000Z,67101.49433
2024-05-28T18:41:00.000Z,67227.1544
2024-05-27T11:41:00.000Z,68232.50113
2024-05-26T21:33:00.000Z,68183.89281
2024-05-25T00:59:00.000Z,68515.81883
2024-05-24T08:28:00.000Z,66622.66868
2024-05-23T20:01:00.000Z,66356.95363
2024-05-22T21:10:00.000Z,68977.69141
2024-05-21T19:35:00.000Z,69191.12353
2024-05-20T01:34:00.000Z,66086.17412
2024-05-19T19:51:00.000Z,65937.17781
2024-05-18T15:14:00.000Z,66663.49652
2024-05-17T01:28:00.000Z,65119.31498
2024-05-16T17:39:00.000Z,64613.05605
2024-05-15T00:49:00.000Z,61330.40878
2024-05-14T14:20:00.000Z,61123.76653
2024-05-13T03:22:00.000Z,60769.84067
2024-05-12T07:35:00.000Z,60632.60244
2024-05-11T11:18:00.000Z,60492.62537
2024-05-10T17:52:00.000Z,60208.78155
2024-05-09T11:05:00.000Z,60648.07542
2024-05-08T23:24:00.000Z,60877.12752
2024-05-07T23:58:00.000Z,62285.97918
2024-05-06T19:17:00.000Z,62746.23845
2024-05-05T01:37:00.000Z,62955.30648
2024-05-04T02:37:00.000Z,62599.35315
2024-05-03T00:34:00.000Z,58848.31206
2024-05-02T01:39:00.000Z,56937.20417
2024-05-01T08:24:00.000Z,56555.29405
2024-04-30T20:00:00.000Z,59120.06805
2024-04-29T13:51:00.000Z,61795.4572
2024-04-28T23:17:00.000Z,62793.59877
2024-04-27T01:19:00.000Z,62424.72068
2024-04-26T16:10:00.000Z,63322.39964
2024-04-25T13:22:00.000Z,62783.63327
2024-04-24T20:23:00.000Z,63589.87193
2024-04-23T12:47:00.000Z,65864.86766
2024-04-22T02:09:00.000Z,64548.17858
2024-04-21T16:39:00.000Z,64277.72143
2024-04-20T01:04:00.000Z,63172.40391
2024-04-19T02:31:00.000Z,59651.39026
2024-04-18T06:43:00.000Z,60833.47922
2024-04-17T16:08:00.000Z,59768.58779
2024-04-16T10:32:00.000Z,61716.40233
2024-04-15T19:08:00.000Z,62332.07152
2024-04-14T03:15:00.000Z,62205.85172
2024-04-13T20:10:00.000Z,60919.10616
2024-04-12T18:37:00.000Z,65254.83434
2024-04-11T15:01:00.000Z,69571.81497
2024-04-10T13:51:00.000Z,67503.56561
2024-04-09T17:13:00.000Z,68212.9193
2024-04-08T00:36:00.000Z,69064.2449
2024-04-07T00:30:00.000Z,68851.63009
2024-04-06T02:38:00.000Z,67491.71524
2024-04-05T12:38:00.000Z,66011.47949
2024-04-04T04:24:00.000Z,65113.79653
2024-04-03T00:39:00.000Z,64559.89995
2024-04-02T13:34:00.000Z,64586.5943
2024-04-01T16:01:00.000Z,68110.69602
2024-03-31T00:01:00.000Z,69624.86868
2024-03-30T23:31:00.000Z,69601.06506
2024-03-29T15:41:00.000Z,69076.65419
2024-03-28T02:46:00.000Z,68895.50523
2024-03-27T18:21:00.000Z,68381.92585
2024-03-26T14:33:00.000Z,69335.61291
2024-03-25T02:18:00.000Z,66414.83223
2024-03-24T04:41:00.000Z,63825.85334
2024-03-23T03:37:00.000Z,63038.49308
2024-03-22T21:41:00.000Z,62355.36971
2024-03-21T20:05:00.000Z,64580.91674
2024-03-20T05:34:00.000Z,60807.78596
2024-03-19T23:27:00.000Z,61536.18025
2024-03-18T17:10:00.000Z,66594.23035
2024-03-17T07:23:00.000Z,64545.3181
2024-03-16T23:19:00.000Z,64801.39555
2024-03-15T09:15:00.000Z,65630.69408
2024-03-14T19:44:00.000Z,68563.02277
2024-03-13T00:22:00.000Z,71334.09238
2024-03-12T17:23:00.000Z,68728.85433
2024-03-11T00:53:00.000Z,67194.88615
2024-03-10T22:58:00.000Z,68239.98039
2024-03-09T02:02:00.000Z,68053.12522
2024-03-08T16:13:00.000Z,66230.45214
2024-03-07T01:11:00.000Z,65655.5342
2024-03-06T03:00:00.000Z,62848.67152
2024-03-05T19:58:00.000Z,59323.90894
2024-03-04T00:50:00.000Z,62386.51835
2024-03-03T07:33:00.000Z,61435.02342
2024-03-02T14:07:00.000Z,61657.28871
2024-03-01T03:30:00.000Z,60802.52636
2024-02-29T18:51:00.000Z,60498.73045
2024-02-28T02:07:00.000Z,56738.4242
2024-02-27T00:43:00.000Z,54484.20014
2024-02-26T09:58:00.000Z,50931.03161
2024-02-25T16:47:00.000Z,51306.17017
2024-02-24T02:03:00.000Z,50585.44589
2024-02-23T23:18:00.000Z,50561.77586
2024-02-22T13:50:00.000Z,50926.29339
2024-02-21T19:03:00.000Z,50671.75866
2024-02-20T17:25:00.000Z,50792.31125
2024-02-19T21:43:00.000Z,51711.81923
2024-02-18T02:49:00.000Z,51233.70883
2024-02-17T14:49:00.000Z,50669.66868
2024-02-16T09:11:00.000Z,51641.36722
2024-02-15T22:00:00.000Z,51371.62748
2024-02-14T04:37:00.000Z,49296.83092
2024-02-13T17:13:00.000Z,48406.49556
2024-02-12T10:08:00.000Z,47745.76026
2024-02-11T01:29:00.000Z,47617.40537
2024-02-10T10:54:00.000Z,46905.32169
2024-02-09T00:50:00.000Z,45260.82457
2024-02-08T00:00:00.000Z,44332.1256
2024-02-07T03:59:00.000Z,42775.95847
2024-02-06T01:05:00.000Z,42529.02142
2024-02-05T01:14:00.000Z,42264.8173
2024-02-04T22:41:00.000Z,42374.8339
2024-02-03T15:11:00.000Z,42890.80668
2024-02-02T13:51:00.000Z,42584.33723
2024-02-01T01:38:00.000Z,41879.18999
2024-01-31T21:30:00.000Z,42298.94716
2024-01-30T23:47:00.000Z,42711.37176
2024-01-29T14:52:00.000Z,41818.33109
2024-01-28T20:16:00.000Z,41696.90834
2024-01-27T09:01:00.000Z,41431.27989
2024-01-26T01:11:00.000Z,39825.69223
2024-01-25T17:18:00.000Z,39545.66446
2024-01-24T20:57:00.000Z,39508.79846
2024-01-23T14:24:00.000Z,38521.89389
2024-01-22T19:44:00.000Z,39450.11899
2024-01-21T23:32:00.000Z,41497.00966
2024-01-20T00:39:00.000Z,41446.82309
2024-01-19T17:11:00.000Z,40297.45786
2024-01-18T20:37:00.000Z,40631.17049
2024-01-17T17:06:00.000Z,42189.31053
2024-01-16T14:45:00.000Z,42085.99603
2024-01-15T00:02:00.000Z,41705.41833
2024-01-14T23:55:00.000Z,41724.61372
2024-01-13T03:31:00.000Z,42464.1432
2024-01-12T22:30:00.000Z,41903.77075
2024-01-11T06:19:00.000Z,45678.6454
2024-01-10T13:01:00.000Z,44483.15086
2024-01-09T21:27:00.000Z,45244.71515
2024-01-08T02:54:00.000Z,43244.08161
2024-01-07T23:45:00.000Z,43662.22863
2024-01-06T07:07:00.000Z,43475.15643
2024-01-05T01:49:00.000Z,42784.71827
2024-01-04T01:26:00.000Z,42675.17401
2024-01-03T12:10:00.000Z,40813.53487
2024-01-02T00:01:00.000Z,44176.95044
2024-01-01T06:02:00.000Z,42214.97675
2023-12-31T02:53:00.000Z,41998.25535
2023-12-30T09:45:00.000Z,41556.22599
2023-12-29T22:21:00.000Z,41424.06064
2023-12-28T16:28:00.000Z,42318.54886
2023-12-27T03:34:00.000Z,42167.58349
2023-12-26T17:40:00.000Z,41676.48997
2023-12-25T00:44:00.000Z,42765.77114
2023-12-24T22:17:00.000Z,42786.91786
2023-12-23T04:13:00.000Z,43351.3557
2023-12-22T14:30:00.000Z,43441.96795
2023-12-21T02:51:00.000Z,43330.05265
2023-12-20T02:09:00.000Z,42223.81786
2023-12-19T17:59:00.000Z,41826.33515
2023-12-18T10:38:00.000Z,40530.25852
2023-12-17T23:38:00.000Z,41274.54352
2023-12-16T00:40:00.000Z,41723.11347
2023-12-15T15:47:00.000Z,41692.96804
2023-12-14T13:31:00.000Z,41767.09054
2023-12-13T04:21:00.000Z,40676.86816
2023-12-12T18:00:00.000Z,40667.56185
2023-12-11T19:42:00.000Z,40234.57833
2023-12-10T23:22:00.000Z,43593.2838
2023-12-09T23:36:00.000Z,43627.59718
2023-12-08T10:21:00.000Z,43125.2951
2023-12-07T09:28:00.000Z,42880.65013
2023-12-06T11:35:00.000Z,43478.08132
2023-12-05T07:45:00.000Z,41421.14739
2023-12-04T00:00:00.000Z,39978.62865
2023-12-03T03:13:00.000Z,39298.16552
2023-12-02T00:32:00.000Z,38652.59568
2023-12-01T00:28:00.000Z,37629.35891
2023-11-30T15:50:00.000Z,37531.14163
2023-11-29T15:14:00.000Z,37612.63162
2023-11-28T05:39:00.000Z,36891.08936
2023-11-27T16:02:00.000Z,36750.1271
2023-11-26T17:02:00.000Z,37162.74915
2023-11-25T11:44:00.000Z,37617.41683
2023-11-24T00:14:00.000Z,37261.60605
2023-11-23T15:55:00.000Z,36923.86436
2023-11-22T00:01:00.000Z,35670.97188
2023-11-21T23:59:00.000Z,35813.81136
2023-11-20T14:12:00.000Z,36882.53198
2023-11-19T14:16:00.000Z,36414.59828
2023-11-18T07:05:00.000Z,36233.31173
2023-11-17T14:56:00.000Z,35901.23556
2023-11-16T19:40:00.000Z,35545.47334
2023-11-15T02:20:00.000Z,35383.78097
2023-11-14T18:54:00.000Z,34948.50028
2023-11-13T21:37:00.000Z,36399.60511
2023-11-12T00:50:00.000Z,36779.11653
2023-11-11T22:15:00.000Z,36773.66646
2023-11-10T08:19:00.000Z,36362.75523
2023-11-09T00:07:00.000Z,35592.10325
2023-11-08T15:26:00.000Z,35147.80081
2023-11-07T12:13:00.000Z,34545.8151
2023-11-06T05:31:00.000Z,34765.36485
2023-11-05T21:53:00.000Z,34594.24258
2023-11-04T05:11:00.000Z,34616.69334
2023-11-03T10:20:00.000Z,34133.43962
2023-11-02T16:32:00.000Z,34401.57491
2023-11-01T14:57:00.000Z,34170.69259
2023-10-31T08:07:00.000Z,34083.30946
2023-10-30T17:20:00.000Z,34110.97396
2023-10-29T04:05:00.000Z,33947.56718
2023-10-28T01:38:00.000Z,33874.80478
2023-10-27T18:32:00.000Z,33416.88549
2023-10-26T17:02:00.000Z,33762.32329
2023-10-25T07:47:00.000Z,33709.11031
2023-10-24T00:09:00.000Z,32880.76173
2023-10-23T01:03:00.000Z,30097.82874
2023-10-22T07:41:00.000Z,29720.31345
2023-10-21T03:13:00.000Z,29481.75231
2023-10-20T01:13:00.000Z,28601.67016
2023-10-19T01:47:00.000Z,28177.98754
2023-10-18T14:38:00.000Z,28174.25255
2023-10-17T04:08:00.000Z,28110.18612
2023-10-16T00:46:00.000Z,27130.47348
2023-10-15T13:06:00.000Z,26817.89401
2023-10-14T21:30:00.000Z,26814.58659
2023-10-13T17:35:00.000Z,26686.32231
2023-10-12T17:36:00.000Z,26558.32078
2023-10-11T17:50:00.000Z,26561.09937
2023-10-10T18:59:00.000Z,27301.65508
2023-10-09T16:46:00.000Z,27302.56192
2023-10-08T13:16:00.000Z,27740.66302
2023-10-07T00:27:00.000Z,27870.42346
2023-10-06T13:01:00.000Z,27215.55245
2023-10-05T17:21:00.000Z,27375.60142
2023-10-04T00:41:00.000Z,27248.10625
2023-10-03T20:07:00.000Z,27216.00132
2023-10-02T21:55:00.000Z,27347.78758
2023-10-01T00:34:00.000Z,26965.09429
2023-09-30T02:35:00.000Z,26888.9678
2023-09-29T14:10:00.000Z,26721.7628
2023-09-28T03:12:00.000Z,26327.32171
2023-09-27T18:08:00.000Z,26111.46438
2023-09-26T15:48:00.000Z,26090.7124
2023-09-25T12:23:00.000Z,26011.46962
2023-09-24T23:29:00.000Z,26221.05
2023-09-23T04:06:00.000Z,26520.51983
2023-09-22T00:28:00.000Z,26495.53241
2023-09-21T14:01:00.000Z,26389.30029
2023-09-20T19:20:00.000Z,26864.08232
2023-09-19T00:31:00.000Z,26681.60577
2023-09-18T00:37:00.000Z,26415.51585
2023-09-17T01:12:00.000Z,26445.07513
2023-09-16T10:05:00.000Z,26473.89078
2023-09-15T15:00:00.000Z,26240.70063
2023-09-14T05:55:00.000Z,26171.45185
2023-09-13T00:07:00.000Z,25781.12373
2023-09-12T01:40:00.000Z,25133.07891
2023-09-11T20:02:00.000Z,24930.29749
2023-09-10T19:41:00.000Z,25640.26171
2023-09-09T13:43:00.000Z,25810.49509
2023-09-08T10:07:00.000Z,25677.47958
2023-09-07T14:01:00.000Z,25608.2016
2023-09-06T17:06:00.000Z,25404.35968
2023-09-05T03:24:00.000Z,25589.98859
2023-09-04T22:01:00.000Z,25657.02557
2023-09-03T16:41:00.000Z,25817.0318
2023-09-02T03:22:00.000Z,25753.09385
2023-09-01T17:42:00.000Z,25362.60913
2023-08-31T21:09:00.000Z,25752.92995
2023-08-30T15:04:00.000Z,27069.20742
2023-08-29T10:39:00.000Z,25912.62891
2023-08-28T07:46:00.000Z,25880.60025
2023-08-27T01:43:00.000Z,25965.09754
2023-08-26T12:46:00.000Z,25983.87827
2023-08-25T14:57:00.000Z,25786.81246
2023-08-24T17:39:00.000Z,25914.92556
2023-08-23T13:13:00.000Z,25804.99819
2023-08-22T21:27:00.000Z,25520.72849
2023-08-21T15:29:00.000Z,25846.08797
2023-08-20T15:10:00.000Z,26004.3153
2023-08-19T07:03:00.000Z,25802.40789
2023-08-18T17:08:00.000Z,25668.92282
2023-08-17T21:45:00.000Z,25409.1116
2023-08-16T23:59:00.000Z,28701.77952
2023-08-15T19:12:00.000Z,29088.85328
2023-08-14T02:22:00.000Z,29124.10555
2023-08-13T22:42:00.000Z,29265.8076
2023-08-12T03:45:00.000Z,29357.58798
2023-08-11T16:45:00.000Z,29253.51799
2023-08-10T17:33:00.000Z,29354.44644
2023-08-09T20:06:00.000Z,29376.80055
2023-08-08T02:03:00.000Z,29113.81446
2023-08-07T16:18:00.000Z,28724.14053
2023-08-06T16:10:00.000Z,28963.83469
2023-08-05T12:51:00.000Z,28957.79762
2023-08-04T20:51:00.000Z,28885.3354
2023-08-03T08:27:00.000Z,28959.48821
2023-08-02T16:56:00.000Z,28946.51038
2023-08-01T15:31:00.000Z,28657.02382
2023-07-31T20:05:00.000Z,29131.57903
2023-07-30T20:03:00.000Z,29059.50263
2023-07-29T12:48:00.000Z,29264.16627
2023-07-28T08:11:00.000Z,29125.84559
2023-07-27T18:40:00.000Z,29099.35225
2023-07-26T01:38:00.000Z,29113.91132
2023-07-25T01:45:00.000Z,29062.43429
2023-07-24T15:11:00.000Z,28934.29416
2023-07-23T00:51:00.000Z,29741.52731
2023-07-22T23:32:00.000Z,29664.12095
2023-07-21T00:38:00.000Z,29733.851
2023-07-20T18:31:00.000Z,29638.09667
2023-07-19T15:02:00.000Z,29794.26886
2023-07-18T16:49:00.000Z,29556.42837
2023-07-17T18:50:00.000Z,29685.78269
2023-07-16T02:22:00.000Z,30089.67038
2023-07-15T00:23:00.000Z,30263.46342
2023-07-14T19:06:00.000Z,29966.38714
2023-07-13T04:12:00.000Z,30268.35249
2023-07-12T19:37:00.000Z,30228.83522
2023-07-11T13:44:00.000Z,30358.09774
2023-07-10T00:18:00.000Z,29985.3947
2023-07-09T22:11:00.000Z,30085.59219
2023-07-08T19:25:00.000Z,30080.15961
2023-07-07T00:04:00.000Z,29777.28441
2023-07-06T14:41:00.000Z,29892.22603
2023-07-05T13:31:00.000Z,30225.6127
2023-07-04T19:33:00.000Z,30659.35589
2023-07-03T12:20:00.000Z,30586.51343
2023-07-02T15:25:00.000Z,30264.01871
2023-07-01T04:31:00.000Z,30328.86475
2023-06-30T13:48:00.000Z,29600.27594
2023-06-29T00:53:00.000Z,30057.20302
2023-06-28T19:32:00.000Z,29921.82283
2023-06-27T00:08:00.000Z,30236.65129
2023-06-26T17:17:00.000Z,29955.74329
2023-06-25T20:55:00.000Z,30327.94278
2023-06-24T16:04:00.000Z,30290.14648
2023-06-23T02:12:00.000Z,29845.21451
2023-06-22T14:54:00.000Z,29679.1574
2023-06-21T00:04:00.000Z,28283.41078
2023-06-20T14:30:00.000Z,26668.7917
2023-06-19T00:57:00.000Z,26312.83181
2023-06-18T23:54:00.000Z,26325.89018
2023-06-17T02:09:00.000Z,26174.49165
2023-06-16T14:47:00.000Z,25245.35768
2023-06-15T11:18:00.000Z,24797.16785
2023-06-14T20:50:00.000Z,24902.1527
2023-06-13T15:59:00.000Z,25728.36557
2023-06-12T02:50:00.000Z,25675.19759
2023-06-11T04:24:00.000Z,25668.98561
2023-06-10T17:04:00.000Z,25501.83624
2023-06-09T02:25:00.000Z,26339.31522
2023-06-08T03:33:00.000Z,26246.66376
2023-06-07T22:00:00.000Z,26146.98887
2023-06-06T12:15:00.000Z,25434.86713
2023-06-05T19:28:00.000Z,25445.16751
2023-06-04T01:08:00.000Z,26968.22414
2023-06-03T21:39:00.000Z,26958.00374
2023-06-02T00:39:00.000Z,26574.64442
2023-06-01T03:05:00.000Z,26671.72116
2023-05-31T16:09:00.000Z,26866.45394
2023-05-30T16:18:00.000Z,27588.50277
2023-05-29T17:07:00.000Z,27563.87721
2023-05-28T00:20:00.000Z,26802.75173
2023-05-27T13:58:00.000Z,26621.14141
2023-05-26T06:04:00.000Z,26343.94916
2023-05-25T01:28:00.000Z,25890.59448
2023-05-24T15:10:00.000Z,26106.57662
2023-05-23T01:10:00.000Z,26816.17972
2023-05-22T02:06:00.000Z,26549.73479
2023-05-21T21:25:00.000Z,26706.92135
2023-05-20T00:45:00.000Z,26843.27738
2023-05-19T15:35:00.000Z,26700.21014
2023-05-18T17:58:00.000Z,26415.10148
2023-05-17T14:03:00.000Z,26600.14484
2023-05-16T01:29:00.000Z,26878.94797
2023-05-15T00:53:00.000Z,26766.09692
2023-05-14T01:17:00.000Z,26661.3549
2023-05-13T00:32:00.000Z,26710.8738
2023-05-12T19:29:00.000Z,25878.42883
2023-05-11T17:49:00.000Z,26781.827
2023-05-10T17:22:00.000Z,26883.66988
2023-05-09T16:06:00.000Z,27375.60069
2023-05-08T20:11:00.000Z,27310.13561
2023-05-07T23:56:00.000Z,28441.36804
2023-05-06T15:02:00.000Z,28468.96741
2023-05-05T00:18:00.000Z,28845.51053
2023-05-04T18:32:00.000Z,28694.03902
2023-05-03T15:03:00.000Z,28178.38925
2023-05-02T05:07:00.000Z,27924.12367
2023-05-01T20:59:00.000Z,27680.79264
2023-04-30T02:00:00.000Z,29114.02124
2023-04-29T17:32:00.000Z,29088.04234
2023-04-28T13:54:00.000Z,28929.60854
2023-04-27T00:02:00.000Z,28402.88739
2023-04-26T20:03:00.000Z,27324.54901
2023-04-25T08:24:00.000Z,27207.93256
2023-04-24T16:56:00.000Z,27070.8495
2023-04-23T18:51:00.000Z,27400.31374
2023-04-22T01:18:00.000Z,27169.57112
2023-04-21T22:39:00.000Z,27177.3653
2023-04-20T19:29:00.000Z,28037.25726
2023-04-19T23:24:00.000Z,28669.89827
2023-04-18T01:16:00.000Z,29154.84937
2023-04-17T15:41:00.000Z,29275.37106
2023-04-16T01:13:00.000Z,30157.83233
2023-04-15T17:37:00.000Z,30245.88194
2023-04-14T16:50:00.000Z,30044.49751
2023-04-13T00:20:00.000Z,29878.62216
2023-04-12T15:14:00.000Z,29725.57335
2023-04-11T00:10:00.000Z,29609.30137
2023-04-10T13:58:00.000Z,28189.27077
2023-04-09T14:22:00.000Z,27828.48141
2023-04-08T00:55:00.000Z,27883.38655
2023-04-07T07:57:00.000Z,27794.03183
2023-04-06T10:38:00.000Z,27738.75936
2023-04-05T16:17:00.000Z,27843.7645
2023-04-04T00:38:00.000Z,27681.30506
2023-04-03T21:02:00.000Z,27276.71995
2023-04-02T22:20:00.000Z,27884.08709
2023-04-01T15:04:00.000Z,28297.1725
2023-03-31T07:48:00.000Z,27583.71526
2023-03-30T18:11:00.000Z,27720.15934
2023-03-29T00:49:00.000Z,27259.66118
2023-03-28T10:55:00.000Z,26677.81873
2023-03-27T15:12:00.000Z,26606.689
2023-03-26T00:18:00.000Z,27445.04635
2023-03-25T20:03:00.000Z,27196.23383
2023-03-24T21:36:00.000Z,27039.26543
2023-03-23T01:53:00.000Z,27183.36374
2023-03-22T20:00:00.000Z,26759.99623
2023-03-21T07:14:00.000Z,27439.64709
2023-03-20T03:54:00.000Z,27242.8807
2023-03-19T07:12:00.000Z,26907.71627
2023-03-18T16:32:00.000Z,26636.26095
2023-03-17T00:40:00.000Z,24955.16906
2023-03-16T01:20:00.000Z,24225.11096
2023-03-15T17:05:00.000Z,23964.90985
2023-03-14T00:15:00.000Z,24081.18265
2023-03-13T10:19:00.000Z,21918.19993
2023-03-12T07:49:00.000Z,20448.80626
2023-03-11T12:56:00.000Z,20068.66031
2023-03-10T11:25:00.000Z,19628.25431
2023-03-09T21:01:00.000Z,20210.30675
2023-03-08T23:43:00.000Z,21708.05051
2023-03-07T21:25:00.000Z,22011.2625
2023-03-06T05:07:00.000Z,22331.31483
2023-03-05T02:41:00.000Z,22307.14331
2023-03-04T20:49:00.000Z,22198.98101
2023-03-03T21:22:00.000Z,22213.23759
2023-03-02T14:23:00.000Z,23245.02143
2023-03-01T00:57:00.000Z,23088.6267
2023-02-28T21:44:00.000Z,23077.65037
2023-02-27T18:35:00.000Z,23205.87925
2023-02-26T02:20:00.000Z,23084.22164
2023-02-25T20:50:00.000Z,22861.55866
2023-02-24T19:46:00.000Z,23007.07133
2023-02-23T12:08:00.000Z,23693.91949
2023-02-22T17:16:00.000Z,23644.31772
2023-02-21T22:06:00.000Z,24200.36412
2023-02-20T01:16:00.000Z,23927.90925
2023-02-19T23:59:00.000Z,24327.64167
2023-02-18T11:01:00.000Z,24468.37363
2023-02-17T00:04:00.000Z,23460.75603
2023-02-16T23:55:00.000Z,23602.5225
2023-02-15T02:52:00.000Z,22082.76908
2023-02-14T14:33:00.000Z,21632.39398
2023-02-13T17:57:00.000Z,21460.0885
2023-02-12T22:10:00.000Z,21682.82877
2023-02-11T00:16:00.000Z,21618.44973
2023-02-10T21:46:00.000Z,21539.39283
2023-02-09T22:58:00.000Z,21773.97461
2023-02-08T16:28:00.000Z,22731.09821
2023-02-07T00:02:00.000Z,22756.25828
2023-02-06T23:22:00.000Z,22692.02598
2023-02-05T19:29:00.000Z,22841.76031
2023-02-04T05:29:00.000Z,23291.79566
2023-02-03T20:07:00.000Z,23279.95574
2023-02-02T23:58:00.000Z,23468.59528
2023-02-01T19:35:00.000Z,22877.75065
2023-01-31T00:39:00.000Z,22765.5685
2023-01-30T22:43:00.000Z,22657.58217
2023-01-29T00:20:00.000Z,22985.07013
2023-01-28T13:22:00.000Z,22908.84646
2023-01-27T02:02:00.000Z,22654.59341
2023-01-26T16:13:00.000Z,22911.37335
2023-01-25T01:31:00.000Z,22406.0755
2023-01-24T23:23:00.000Z,22549.74451
2023-01-23T15:01:00.000Z,22654.30447
2023-01-22T21:22:00.000Z,22387.90046
2023-01-21T00:19:00.000Z,22511.83313
2023-01-20T08:34:00.000Z,20919.12598
2023-01-19T00:01:00.000Z,20685.38118
2023-01-18T16:47:00.000Z,20541.54455
2023-01-17T01:23:00.000Z,20978.53362
2023-01-16T15:16:00.000Z,20715.74621
2023-01-15T09:13:00.000Z,20606.98724
2023-01-14T00:04:00.000Z,19907.82846
2023-01-13T00:46:00.000Z,18753.16426
2023-01-12T00:03:06.000Z,17919.23171
2023-01-11T15:58:00.000Z,17337.995
2023-01-10T02:43:00.000Z,17162.99117
2023-01-09T00:00:00.000Z,17093.9925
2023-01-08T00:43:00.000Z,16924.05007
2023-01-07T12:13:00.000Z,16914.19208
2023-01-06T13:14:00.000Z,16716.42227
2023-01-05T14:04:00.000Z,16790.28304
2023-01-04T00:50:00.000Z,16667.76373
2023-01-03T17:48:00.000Z,16622.37033
2023-01-02T01:19:00.000Z,16572.22885
2023-01-01T09:10:00.000Z,16521.23343
2022-12-31T23:13:00.000Z,16517.51922
2022-12-30T14:52:00.000Z,16408.47518
2022-12-29T02:33:00.000Z,16508.68315
2022-12-28T21:43:00.000Z,16497.55704
2022-12-27T19:20:00.000Z,16642.07318
2022-12-26T16:04:00.000Z,16812.37008
2022-12-25T19:28:00.000Z,16755.25323
2022-12-24T00:06:00.000Z,16793.52818
2022-12-23T01:05:00.000Z,16794.45935
2022-12-22T18:05:00.000Z,16592.40745
2022-12-21T20:13:00.000Z,16755.91221
2022-12-20T00:15:00.000Z,16427.86724
2022-12-19T22:37:00.000Z,16398.13625
2022-12-18T15:16:00.000Z,16697.82003
2022-12-17T02:29:00.000Z,16614.02895
2022-12-16T23:35:00.000Z,16584.7014
2022-12-15T23:41:00.000Z,17322.59007
2022-12-15T01:59:00.000Z,17652.09831
2022-12-13T07:22:00.000Z,17111.76315
2022-12-12T03:05:00.000Z,16899.39379
2022-12-11T23:48:00.000Z,17091.81999
2022-12-10T23:53:00.000Z,17120.68432
2022-12-09T21:36:00.000Z,17100.83625
2022-12-08T11:49:00.000Z,16788.78382
2022-12-07T08:06:00.000Z,16750.55813
2022-12-06T18:34:00.000Z,16939.92235
2022-12-05T19:35:00.000Z,16922.43187
2022-12-04T00:02:00.000Z,16903.43983
2022-12-03T22:47:00.000Z,16888.14081
2022-12-02T14:09:00.000Z,16877.8816
2022-12-01T21:10:00.000Z,16888.38789
2022-11-30T00:00:00.000Z,16445.47749
2022-11-29T00:20:00.000Z,16139.39628
2022-11-28T16:22:00.000Z,16054.53022
2022-11-27T23:46:00.000Z,16437.02533
2022-11-26T22:50:00.000Z,16416.22869
2022-11-25T06:02:00.000Z,16388.40495
2022-11-24T14:22:00.000Z,16501.76805
2022-11-23T01:08:00.000Z,16170.5025
2022-11-22T07:04:00.000Z,15656.60606
2022-11-21T21:53:00.000Z,15599.04718
2022-11-20T22:05:00.000Z,16248.69283
2022-11-19T05:23:00.000Z,16570.41075
2022-11-18T18:25:00.000Z,16564.61168
2022-11-17T04:13:00.000Z,16460.68349
2022-11-16T16:04:00.000Z,16430.11128
2022-11-15T01:04:00.000Z,16542.55127
2022-11-14T06:01:00.000Z,15872.94161
2022-11-13T23:47:00.000Z,16320.63515
2022-11-12T05:56:00.000Z,16651.77477
2022-11-11T14:32:00.000Z,16543.48239
2022-11-10T00:05:00.000Z,15834.01809
2022-11-09T23:38:00.000Z,15682.69284
2022-11-08T19:35:00.000Z,17603.54437
2022-11-07T22:33:00.000Z,20489.97334
2022-11-06T23:58:00.000Z,20920.19068
2022-11-05T00:18:00.000Z,21097.63542
2022-11-04T00:12:00.000Z,20188.01871
2022-11-03T12:51:00.000Z,20086.2409
2022-11-02T22:56:00.000Z,20087.13448
2022-11-01T14:14:00.000Z,20359.84548
2022-10-31T14:40:00.000Z,20287.45909
2022-10-30T22:32:00.000Z,20547.46342
2022-10-29T00:41:00.000Z,20566.48462
2022-10-28T08:25:00.000Z,20086.06823
2022-10-27T23:17:00.000Z,20255.37314
2022-10-26T00:15:00.000Z,20076.11777
2022-10-25T10:04:00.000Z,19261.44713
2022-10-24T14:28:00.000Z,19206.32431
2022-10-23T12:28:00.000Z,19124.19696
2022-10-22T03:06:00.000Z,19132.24319
2022-10-21T12:26:00.000Z,18770.97006
2022-10-20T01:07:00.000Z,18971.45865
2022-10-19T23:52:00.000Z,19127.68837
2022-10-18T19:28:00.000Z,19144.77018
2022-10-17T04:12:00.000Z,19173.33472
2022-10-16T00:00:00.000Z,19068.91356
2022-10-15T23:04:00.000Z,19019.25013
2022-10-14T22:14:00.000Z,19115.40732
2022-10-13T13:20:00.000Z,18319.82263
2022-10-12T12:39:00.000Z,19029.75833
2022-10-11T14:07:00.000Z,18925.60322
2022-10-10T22:19:00.000Z,19102.97924
2022-10-09T04:29:00.000Z,19349.25895
2022-10-08T22:08:00.000Z,19299.41362
2022-10-07T17:12:00.000Z,19395.79324
2022-10-06T23:05:00.000Z,19900.08853
2022-10-05T14:37:00.000Z,19801.80066
2022-10-04T02:15:00.000Z,19523.84012
2022-10-03T00:08:00.000Z,19025.22629
2022-10-02T23:37:00.000Z,18970.62058
2022-10-01T20:13:00.000Z,19231.08187
2022-09-30T13:31:00.000Z,19265.6624
2022-09-29T14:19:00.000Z,18924.35345
2022-09-28T02:44:00.000Z,18553.29736
2022-09-27T18:25:00.000Z,18915.66872
2022-09-26T07:01:00.000Z,18721.28585
2022-09-25T22:07:00.000Z,18696.4683
2022-09-24T22:53:00.000Z,18861.974
2022-09-23T14:26:00.000Z,18617.55301
2022-09-22T01:00:00.000Z,18415.5915
2022-09-21T22:20:00.000Z,18290.31519
2022-09-20T18:01:00.000Z,18813.45501
2022-09-19T06:46:00.000Z,18390.31871
2022-09-18T22:32:00.000Z,19387.49135
2022-09-17T00:00:00.000Z,19777.03403
2022-09-16T17:31:00.000Z,19400.07545
2022-09-15T15:19:00.000Z,19636.73377
2022-09-14T18:19:00.000Z,19793.39672
2022-09-13T21:46:00.000Z,20062.6707
2022-09-12T03:43:00.000Z,21603.89578
2022-09-11T06:43:00.000Z,21406.94464
2022-09-10T14:04:00.000Z,21168.72172
2022-09-09T00:07:00.000Z,19310.96258
2022-09-08T13:13:00.000Z,19076.71452
2022-09-07T03:03:00.000Z,18644.46723
2022-09-06T20:13:00.000Z,18800.17166
2022-09-05T11:33:00.000Z,19673.04734
2022-09-04T08:04:00.000Z,19636.81657
2022-09-03T19:19:00.000Z,19698.35519
2022-09-02T18:16:00.000Z,19814.76605
2022-09-01T16:42:00.000Z,19653.96846
2022-08-31T00:00:00.000Z,19799.58132
2022-08-30T17:24:00.000Z,19617.64095
2022-08-29T00:22:00.000Z,19600.78503
2022-08-28T23:59:00.000Z,19616.81498
2022-08-27T16:29:00.000Z,19890.52333
2022-08-26T23:50:00.000Z,20199.48338
2022-08-25T00:17:00.000Z,21362.44126
2022-08-24T03:16:00.000Z,21195.00669
2022-08-23T06:14:00.000Z,20955.13816
2022-08-22T08:34:00.000Z,20939.18417
2022-08-21T06:58:00.000Z,21103.19681
2022-08-20T21:03:00.000Z,20856.73134
2022-08-19T23:56:00.000Z,20868.84744
2022-08-18T23:26:00.000Z,23177.60247
2022-08-17T20:07:00.000Z,23243.35446
2022-08-16T15:07:00.000Z,23733.49933
2022-08-15T23:18:00.000Z,23839.77498
2022-08-14T18:05:00.000Z,24206.25977
2022-08-13T12:37:00.000Z,24346.11471
2022-08-12T11:40:00.000Z,23657.2653
2022-08-11T23:11:00.000Z,23900.99687
2022-08-10T00:50:00.000Z,22771.52047
2022-08-09T14:10:00.000Z,22981.99993
2022-08-08T00:04:00.000Z,23176.54725
2022-08-07T00:59:00.000Z,22894.55624
2022-08-06T23:59:00.000Z,22961.27897
2022-08-05T00:04:00.000Z,22612.17851
2022-08-04T20:02:00.000Z,22485.70066
2022-08-03T01:07:00.000Z,22747.83644
2022-08-02T09:46:00.000Z,22710.08398
2022-08-01T18:50:00.000Z,22890.79602
2022-07-31T22:52:00.000Z,23275.7025
2022-07-30T22:19:00.000Z,23580.50848
2022-07-29T13:07:00.000Z,23481.17314
2022-07-28T12:34:00.000Z,22722.26512
2022-07-27T03:49:00.000Z,21070.80613
2022-07-26T15:56:00.000Z,20776.81608
2022-07-25T23:58:00.000Z,21361.64345
2022-07-24T04:14:00.000Z,22306.84018
2022-07-23T18:08:00.000Z,22002.91061
2022-07-22T20:49:00.000Z,22603.4151
2022-07-21T14:37:00.000Z,22431.14939
2022-07-20T01:10:00.000Z,23009.94976
2022-07-19T06:52:00.000Z,21683.40638
2022-07-18T00:00:00.000Z,20781.9115
2022-07-17T23:58:00.000Z,20778.17988
2022-07-16T06:40:00.000Z,20518.89878
2022-07-15T01:22:00.000Z,20396.99913
2022-07-14T13:43:00.000Z,19689.25874
2022-07-13T13:34:00.000Z,18999.95313
2022-07-12T23:55:00.000Z,19308.53062
2022-07-11T23:08:00.000Z,19924.5398
2022-07-10T16:16:00.000Z,20727.12349
2022-07-09T12:02:00.000Z,21445.95624
2022-07-08T14:04:00.000Z,21257.45355
2022-07-07T06:04:00.000Z,20296.10312
2022-07-06T03:14:00.000Z,19823.5112
2022-07-05T13:34:00.000Z,19341.23315
2022-07-04T03:04:00.000Z,19063.0662
2022-07-03T04:58:00.000Z,18966.95063
2022-07-02T09:29:00.000Z,19027.08136
2022-07-01T11:04:00.000Z,19073.7084
2022-06-30T20:55:00.000Z,18729.65623
2022-06-29T11:22:00.000Z,19937.79108
2022-06-28T20:37:00.000Z,20228.81158
2022-06-27T18:10:00.000Z,20620.19851
2022-06-26T22:52:00.000Z,21016.26881
2022-06-25T16:05:00.000Z,20964.58501
2022-06-24T07:16:00.000Z,20777.51158
2022-06-23T00:04:00.000Z,19950.11623
2022-06-22T20:43:00.000Z,19848.07867
2022-06-21T03:34:00.000Z,20415.06188
2022-06-20T01:52:00.000Z,19689.16951
2022-06-19T05:41:00.000Z,18067.15192
2022-06-18T20:56:00.000Z,17708.62371
2022-06-17T00:42:00.000Z,20326.51856
2022-06-16T23:25:00.000Z,20265.22571
2022-06-15T09:38:00.000Z,20178.37604
2022-06-14T02:01:00.000Z,20950.81828
2022-06-13T23:34:00.000Z,22141.25754
2022-06-12T23:59:00.000Z,26762.64904
2022-06-11T16:37:00.000Z,28236.21192
2022-06-10T19:10:00.000Z,28978.14705
2022-06-09T20:10:00.000Z,30020.26484
2022-06-08T04:10:00.000Z,29944.40348
2022-06-07T02:34:00.000Z,29311.68356
2022-06-06T00:04:00.000Z,29894.18733
2022-06-05T09:38:00.000Z,29574.44953
2022-06-04T02:31:00.000Z,29500.00635
2022-06-03T15:13:00.000Z,29375.6893
2022-06-02T00:37:00.000Z,29652.70498
2022-06-01T20:43:00.000Z,29501.58852
2022-05-31T14:07:00.000Z,31286.15435
2022-05-30T00:58:00.000Z,29303.57163
2022-05-29T02:28:00.000Z,28841.10649
2022-05-28T01:46:00.000Z,28554.56602
2022-05-27T18:30:00.000Z,28326.61365
2022-05-26T13:31:00.000Z,28261.90571
2022-05-25T12:02:00.000Z,29384.94935
2022-05-24T14:13:00.000Z,28786.58945
2022-05-23T23:20:00.000Z,28975.55961
2022-05-22T05:01:00.000Z,29275.18276
2022-05-21T01:31:00.000Z,29027.39382
2022-05-20T17:31:00.000Z,28793.60603
2022-05-19T02:14:00.000Z,28708.95504
2022-05-18T23:59:00.000Z,28720.2714
2022-05-17T18:36:00.000Z,29570.3019
2022-05-16T16:58:00.000Z,29251.88556
2022-05-15T05:10:00.000Z,29527.74037
2022-05-14T16:13:00.000Z,28702.90953
2022-05-13T00:21:00.000Z,28782.32966
2022-05-12T07:19:00.000Z,26350.49017
2022-05-11T21:29:00.000Z,28170.41309
2022-05-10T00:33:00.000Z,29944.80274
2022-05-09T23:59:00.000Z,30296.9534
2022-05-08T17:40:00.000Z,33878.96457
2022-05-07T22:55:00.000Z,34940.82467
2022-05-06T13:49:00.000Z,35482.13274
2022-05-05T19:25:00.000Z,35856.51611
2022-05-04T00:06:00.000Z,37732.0602
2022-05-03T20:23:00.000Z,37585.62031
2022-05-02T18:45:00.000Z,38156.5619
2022-05-01T01:38:00.000Z,37585.78737
2022-04-30T23:51:00.000Z,37697.94278
2022-04-29T19:55:00.000Z,38235.53655
2022-04-28T14:07:00.000Z,38941.42258
2022-04-27T00:49:00.000Z,37997.31163
2022-04-26T20:16:00.000Z,37884.98601
2022-04-25T09:19:00.000Z,38338.37696
2022-04-24T16:55:00.000Z,39233.54094
2022-04-23T04:25:00.000Z,39352.20302
2022-04-22T16:07:00.000Z,39315.41841
2022-04-21T22:37:00.000Z,40063.82867
2022-04-20T18:59:00.000Z,40961.09755
2022-04-19T07:19:00.000Z,40618.63419
2022-04-18T05:07:00.000Z,38696.19152
2022-04-17T23:49:00.000Z,39620.8936
2022-04-16T15:58:00.000Z,40078.4255
2022-04-15T00:47:00.000Z,39866.8304
2022-04-14T19:04:00.000Z,39695.74443
2022-04-13T01:32:00.000Z,39712.74681
2022-04-12T02:37:00.000Z,39388.32745
2022-04-11T22:13:00.000Z,39373.05833
2022-04-10T22:53:00.000Z,42021.2068
2022-04-09T03:07:00.000Z,42183.25391
2022-04-08T23:45:00.000Z,42183.28712
2022-04-07T00:59:00.000Z,42899.90661
2022-04-06T23:58:00.000Z,43193.954
2022-04-05T23:58:00.000Z,45544.80751
2022-04-04T18:11:00.000Z,45235.81535
2022-04-03T01:35:00.000Z,45634.1038
2022-04-02T18:13:00.000Z,45782.51302
2022-04-01T02:58:00.000Z,44403.14101
2022-03-31T23:49:00.000Z,45390.53715
2022-03-30T01:52:00.000Z,46746.21137
2022-03-29T00:00:00.000Z,47100.4386
2022-03-28T00:18:00.000Z,46690.20413
2022-03-27T13:02:00.000Z,44437.29365
2022-03-26T01:02:00.000Z,44166.27514
2022-03-25T08:13:00.000Z,43706.28603
2022-03-24T02:17:00.000Z,42726.16253
2022-03-23T05:16:00.000Z,41877.5094
2022-03-22T00:34:00.000Z,40948.28074
2022-03-21T02:41:00.000Z,40668.0417
2022-03-20T17:56:00.000Z,41004.75956
2022-03-19T03:49:00.000Z,41602.66838
2022-03-18T11:32:00.000Z,40302.39805
2022-03-17T07:47:00.000Z,40662.8706
2022-03-16T04:25:00.000Z,39022.34709
2022-03-15T07:19:00.000Z,38310.21258
2022-03-14T00:16:00.000Z,37680.73447
2022-03-13T23:04:00.000Z,37728.14436
2022-03-12T00:02:00.000Z,38772.53588
2022-03-11T03:01:00.000Z,38347.43316
2022-03-10T13:52:00.000Z,38832.94127
2022-03-09T00:14:00.000Z,38706.09478
2022-03-08T00:13:00.000Z,37957.38653
2022-03-07T20:05:00.000Z,37260.20171
2022-03-06T11:28:00.000Z,38211.64796
2022-03-05T01:04:00.000Z,38777.03642
2022-03-04T22:34:00.000Z,38805.84954
2022-03-03T21:07:00.000Z,41914.7491
2022-03-02T13:46:00.000Z,43432.85178
2022-03-01T03:19:00.000Z,42952.58405
2022-02-28T00:59:00.000Z,37518.2146
2022-02-27T21:23:00.000Z,37268.97752
2022-02-26T09:16:00.000Z,38702.53371
2022-02-25T09:31:00.000Z,38111.34189
2022-02-24T05:47:00.000Z,34459.21773
2022-02-23T23:22:00.000Z,37201.81601
2022-02-22T03:19:00.000Z,36488.93226
2022-02-21T22:07:00.000Z,36950.47572
2022-02-20T14:23:00.000Z,38112.81394
2022-02-19T13:10:00.000Z,39713.05833
2022-02-18T16:07:00.000Z,39637.6186
2022-02-17T21:28:00.000Z,40249.373
2022-02-16T16:23:00.000Z,43456.69294
2022-02-15T00:52:00.000Z,42491.03376
2022-02-14T01:54:00.000Z,41681.95611
2022-02-13T18:55:00.000Z,41950.94174
2022-02-12T21:55:00.000Z,41852.57272
2022-02-11T22:56:00.000Z,42114.53964
2022-02-10T14:19:00.000Z,43402.80824
2022-02-09T05:23:00.000Z,43232.96716
2022-02-08T17:37:00.000Z,42807.83574
2022-02-07T00:50:00.000Z,41748.15531
2022-02-06T15:03:00.000Z,41244.90763
2022-02-05T17:17:00.000Z,41038.09586
2022-02-04T01:49:00.000Z,37093.62957
2022-02-03T10:31:00.000Z,36375.53734
2022-02-02T21:52:00.000Z,36832.72867
2022-02-01T10:19:00.000Z,38113.66309
2022-01-31T02:07:00.000Z,36733.57287
2022-01-30T20:08:00.000Z,37437.70921
2022-01-29T16:19:00.000Z,37406.47369
2022-01-28T12:52:00.000Z,36211.1082
2022-01-27T21:13:00.000Z,35629.27989
2022-01-26T22:17:00.000Z,36374.90791
2022-01-25T07:20:00.000Z,35779.4288
2022-01-24T11:07:00.000Z,33184.05957
2022-01-23T19:59:00.000Z,34784.96716
2022-01-22T10:14:00.000Z,34349.24919
2022-01-21T22:55:00.000Z,35791.42655
2022-01-20T23:58:00.000Z,40672.82385
2022-01-19T08:37:00.000Z,41242.91312
2022-01-18T14:37:00.000Z,41392.2167
2022-01-17T22:18:00.000Z,41680.32156
2022-01-16T13:31:00.000Z,42691.02423
2022-01-15T12:54:00.000Z,42669.03522
2022-01-14T12:15:00.000Z,41982.61665
2022-01-13T20:13:00.000Z,42447.04415
2022-01-12T02:50:00.000Z,42528.98645
2022-01-11T14:37:00.000Z,41407.75387
2022-01-10T14:37:00.000Z,39796.57171
2022-01-09T15:19:00.000Z,41338.15971
2022-01-08T18:13:00.000Z,40672.27545
2022-01-07T16:22:00.000Z,41077.4462
2022-01-06T09:59:00.000Z,42645.54095
2022-01-05T22:35:00.000Z,42798.22426
2022-01-04T19:03:00.000Z,45752.46356
2022-01-03T20:45:00.000Z,45835.96303
2022-01-02T18:35:00.000Z,46856.93631
2022-01-01T00:01:00.000Z,46288.4861
2021-12-31T20:01:00.000Z,45819.95455
2021-12-30T00:21:02.000Z,46060.31317
2021-12-29T23:46:02.000Z,46201.49437
2021-12-28T22:37:08.000Z,47414.20993
2021-12-27T01:13:03.000Z,50499.46868
2021-12-26T11:49:03.000Z,49623.10421
2021-12-25T17:26:02.000Z,50236.7065
2021-12-24T15:05:02.000Z,50514.49429
2021-12-23T07:56:02.000Z,48065.83753
2021-12-22T13:40:06.000Z,48450.93973
2021-12-21T01:25:04.000Z,46698.77412
2021-12-20T14:23:02.000Z,45579.81014
2021-12-19T01:31:02.000Z,46502.95455
2021-12-18T02:06:02.000Z,45598.44261
2021-12-17T15:18:02.000Z,45618.21608
2021-12-16T23:37:02.000Z,47529.88077
2021-12-15T16:01:02.000Z,46671.96674
2021-12-14T00:18:02.000Z,46424.49602
2021-12-13T19:42:02.000Z,45894.84739
2021-12-12T10:12:02.000Z,48725.85302
2021-12-11T00:19:02.000Z,46942.34782
2021-12-10T23:55:02.000Z,47023.69802
2021-12-09T20:46:04.000Z,47358.35327
2021-12-08T12:26:02.000Z,48765.98692
2021-12-07T22:24:02.000Z,50175.80752
2021-12-06T11:14:02.000Z,47281.03538
2021-12-05T15:51:02.000Z,47857.49687
2021-12-04T05:28:02.000Z,42874.61686
2021-12-03T20:20:02.000Z,52496.58536
2021-12-02T03:21:08.000Z,55895.13286
2021-12-01T21:08:07.000Z,56553.08077
2021-11-30T06:18:09.000Z,56057.28223
2021-11-29T09:56:02.000Z,56792.52541
2021-11-28T18:43:02.000Z,53576.73582
2021-11-27T00:07:04.000Z,53668.35522
2021-11-26T23:59:02.000Z,53569.76396
2021-11-25T00:11:02.000Z,57146.6852
2021-11-24T14:47:02.000Z,55964.22107
2021-11-23T09:38:02.000Z,55632.75991
2021-11-22T21:03:02.000Z,55679.8404
2021-11-21T10:43:02.000Z,58618.93143
2021-11-20T16:20:02.000Z,57469.72566
2021-11-19T03:46:02.000Z,55705.18068
2021-11-18T23:18:02.000Z,56550.79164
2021-11-17T10:37:02.000Z,58515.40989
2021-11-16T10:15:02.000Z,59016.33716
2021-11-15T22:21:02.000Z,63548.14342
2021-11-14T16:54:02.000Z,63647.80825
2021-11-13T10:02:02.000Z,63303.73383
2021-11-12T16:46:02.000Z,62333.91311
2021-11-11T02:42:02.000Z,64180.48893
2021-11-10T21:25:02.000Z,63208.115
2021-11-09T19:12:02.000Z,66382.06101
2021-11-08T00:00:02.000Z,63344.06722
2021-11-07T00:34:02.000Z,61432.48911
2021-11-06T12:20:02.000Z,60163.78155
2021-11-05T20:41:02.000Z,60844.60761
2021-11-04T18:04:02.000Z,60799.66248
2021-11-03T18:01:02.000Z,61184.24018
2021-11-02T00:45:02.000Z,60673.05542
2021-11-01T04:03:02.000Z,59695.18309
2021-10-31T13:38:02.000Z,60074.32959
2021-10-30T14:44:02.000Z,60918.38528
2021-10-29T00:17:02.000Z,60329.96507
2021-10-28T18:40:02.000Z,58206.91786
2021-10-27T08:10:02.000Z,58208.18905
2021-10-26T22:56:02.000Z,59991.16069
2021-10-25T00:08:02.000Z,60691.79895
2021-10-24T16:11:02.000Z,59643.34538
2021-10-23T11:03:02.000Z,59826.52174
2021-10-22T16:16:02.000Z,60122.79782
2021-10-21T23:26:02.000Z,62117.40871
2021-10-20T05:52:02.000Z,63610.67499
2021-10-19T14:27:02.000Z,61622.93372
2021-10-18T13:06:02.000Z,60012.75693
2021-10-17T20:22:02.000Z,59164.46838
2021-10-16T17:30:02.000Z,60206.12006
2021-10-15T01:20:02.000Z,56868.14269
2021-10-14T18:30:02.000Z,56957.07614
2021-10-13T09:10:02.000Z,54370.97323
2021-10-12T20:09:02.000Z,54477.97447
2021-10-11T00:04:02.000Z,54519.76552
2021-10-10T02:04:02.000Z,54264.25639
2021-10-09T00:07:02.000Z,53735.14288
2021-10-08T05:08:02.000Z,53688.05529
2021-10-07T16:14:02.000Z,53525.46835
2021-10-06T09:45:02.000Z,50488.19075
2021-10-05T00:06:02.000Z,49072.83925
2021-10-04T15:03:02.000Z,47045.00375
2021-10-03T00:51:02.000Z,47157.28761
2021-10-02T03:54:02.000Z,47465.49576
2021-10-01T02:51:02.000Z,43320.02298
2021-09-30T00:07:02.000Z,41444.5816
2021-09-29T00:16:02.000Z,40829.66928
2021-09-28T23:52:02.000Z,40931.6625
2021-09-27T23:46:02.000Z,42190.63258
2021-09-26T07:54:02.000Z,40848.46166
2021-09-25T08:35:02.000Z,41759.92043
2021-09-24T11:19:02.000Z,40936.55717
2021-09-23T01:03:02.000Z,43109.33829
2021-09-22T00:47:02.000Z,40625.63419
2021-09-21T21:20:02.000Z,39787.6098
2021-09-20T23:33:02.000Z,42598.91585
2021-09-19T22:48:02.000Z,46919.80476
2021-09-18T00:48:02.000Z,47087.28419
2021-09-17T18:17:02.000Z,46832.5246
2021-09-16T20:54:02.000Z,47079.55712
2021-09-15T06:24:02.000Z,46773.32654
2021-09-14T00:27:02.000Z,44752.33135
2021-09-13T14:20:02.000Z,43591.32078
2021-09-12T01:25:02.000Z,44790.46205
2021-09-11T00:05:02.000Z,44818.26641
2021-09-10T23:01:02.000Z,44344.48542
2021-09-09T03:05:03.000Z,45669.73965
2021-09-08T08:24:03.000Z,44561.39446
2021-09-07T15:10:03.000Z,43285.20859
2021-09-06T12:04:12.000Z,51053.67851
2021-09-05T06:23:03.000Z,49538.59838
2021-09-04T17:27:03.000Z,49548.78045
2021-09-03T01:32:03.000Z,48386.08616
2021-09-02T00:06:50.000Z,48652.31979
2021-09-01T01:22:57.000Z,46562.43745
2021-08-31T00:46:17.000Z,46750.09395
2021-08-30T23:49:11.000Z,46950.27228
2021-08-29T04:06:30.000Z,47925.85558
2021-08-28T14:42:12.000Z,48499.23891
2021-08-27T00:21:13.000Z,46394.28309
2021-08-26T12:07:17.000Z,46405.78243
2021-08-25T09:43:19.000Z,47163.61432
2021-08-24T23:53:12.000Z,47687.118
2021-08-23T20:07:04.000Z,49074.6054
2021-08-22T15:01:03.000Z,48199.941
2021-08-21T11:13:03.000Z,48312.19764
2021-08-20T00:09:03.000Z,46650.70851
2021-08-19T04:19:03.000Z,43998.31551
2021-08-18T01:16:03.000Z,44364.02745
